amplitude_nT,duration_min,n_total,n_released,release_rate,n_weak_abstention,n_structural_misfit,n_invalid_window,primary_Aj_abs_error_median_nT,primary_Aj_abs_error_P90_nT,flag1_truth_RMS_median_nT,flag1_truth_RMS_P90_nT,flag1_sample_count_median
1.0,3.0,24,19,0.7916666666666666,5,0,0,0.180000000000291,0.4180000000000006,0.180000000000291,0.41800000000000065,124.0
1.0,15.0,24,19,0.7916666666666666,5,0,0,0.3299999999999983,0.7899999999999977,0.3566242873851162,0.7899999999999977,622.0
1.0,60.0,24,19,0.7916666666666666,5,0,0,0.2607772020725178,1.3353316062176075,0.381414507772007,1.6296100629208834,2954.0
1.0,240.0,24,14,0.5833333333333334,5,5,0,0.1629587312418152,0.26023596521184233,1.6646436795366149,7.477113596330279,10131.5
3.0,3.0,24,20,0.8333333333333334,0,4,0,0.24000000000000193,0.7535000000019668,0.24000000000000193,0.7535000000019669,111.5
3.0,15.0,24,24,1.0,0,0,0,0.3400000000001455,1.1535000000014406,0.5116184055845556,1.7168312886688046,675.5
3.0,60.0,24,23,0.9583333333333334,0,1,0,0.2779404145076114,1.3013904145077675,0.7008908661437937,1.7971553242359934,3037.0
3.0,240.0,24,18,0.75,0,6,0,0.17879263301391995,1.1871912005484775,2.3633271852577704,8.676773968450847,10490.0
10.0,3.0,24,20,0.8333333333333334,0,4,0,0.24000000000000904,0.7599999999985613,0.24000000000000904,0.7599999999985613,106.0
10.0,15.0,24,24,1.0,0,0,0,0.33000000000174623,1.319000000000221,0.5130272037446033,2.1171035953353377,744.0
10.0,60.0,24,22,0.9166666666666666,0,2,0,0.25277849741021896,1.0039172279790398,0.5768467626159752,1.6738506655846979,3054.5
10.0,240.0,24,18,0.75,0,6,0,0.17469227489774394,1.1913346521152561,2.365514195488763,8.687285437660996,10487.5
30.0,3.0,24,16,0.6666666666666666,0,3,5,0.25500000000145207,0.8625000000008072,0.2550000000014513,0.8625000000008072,104.0
30.0,15.0,24,24,1.0,0,0,0,0.33000000000174623,1.321999999999741,0.49697207997276294,2.275257713393756,742.5
30.0,60.0,24,22,0.9166666666666666,0,2,0,0.2643406735768678,1.008959585492014,0.5793565517709506,1.677219927423639,3053.0
30.0,240.0,24,18,0.75,0,6,0,0.1806763301501632,1.2443227830820252,2.366222177237388,8.682311074942017,10430.5
